Section,Page Title,Page Slug,Docs URL,Page Source (.md),OpenAPI / Spec Filename,OpenAPI / Spec Repo Path,Spec Resolve Status,operationId,HTTP Method,API Path,OpenAPI Version,Spec Title,Hidden,Deprecated,Spec File mtime (UTC),Spec Git Last Commit (ISO)
BBPS,Bill Fetch API,bill-fetch-api,https://docs.payu.in/reference/bill-fetch-api,reference/BBPS/bill-apis/bill-fetch-api.md,bbps-apis-agent-share-4.json,reference/bbps-apis-agent-share-4.json,found,BillFetchAPI,POST,/payu-nbc/v1/nbc/billfetchrequest,3.1.0,BBPS APIs Agent Share,FALSE,FALSE,2026-08-05T06:27:18.745515+00:00,2025-04-29T06:52:44+00:00
BBPS,Bill Payment API,bill-payment-api,https://docs.payu.in/reference/bill-payment-api,reference/BBPS/bill-apis/bill-payment-api.md,bbps-apis-agent-share-7.json,reference/bbps-apis-agent-share-7.json,found,BillPaymentAPI,POST,/payu-nbc-int/v1/nbc/billpaymentrequest,3.1.0,BBPS APIs Agent Share,FALSE,FALSE,2026-08-05T06:27:18.745515+00:00,2025-04-29T06:52:44+00:00
BBPS,Bill Validation API,bill-validation-api,https://docs.payu.in/reference/bill-validation-api,reference/BBPS/bill-apis/bill-validation-api.md,bbps-apis-agent-share-7.json,reference/bbps-apis-agent-share-7.json,found,BillValidationAPI,POST,/payu-nbc/v2/nbc/paymentValidation,3.1.0,BBPS APIs Agent Share,FALSE,FALSE,2026-08-05T06:27:18.745515+00:00,2025-04-29T06:52:44+00:00
BBPS,Biller Plans API,biller-plans-api,https://docs.payu.in/reference/biller-plans-api,reference/BBPS/biller-apis/biller-plans-api.md,bbps-apis-agent-share-5.json,reference/bbps-apis-agent-share-5.json,found,BillerPlansAPI,POST,/payu-nbc/v1/nbc/billerPlans,3.1.0,BBPS APIs Agent Share,FALSE,FALSE,2026-08-05T06:27:18.745515+00:00,2025-04-29T06:52:44+00:00
BBPS,Check Complaint Status API,check-complaint-status-api,https://docs.payu.in/reference/check-complaint-status-api,reference/BBPS/complaint-related-apis/check-complaint-status-api.md,bbps-apis-agent-share-3.json,reference/bbps-apis-agent-share-3.json,found,CheckComplaintStatus,POST,/payu-nbc/v1/nbc/checkComplaintStatus,3.1.0,BBPS APIs Agent Share,FALSE,FALSE,2026-08-05T06:27:18.745515+00:00,2026-01-20T12:18:19+00:00
BBPS,check-health-status-api,check-health-status-api,https://docs.payu.in/reference/check-health-status-api,reference/BBPS/check-health-status-api.md,bbps-apis-agent-share-8.json,reference/bbps-apis-agent-share-8.json,found,heartBeatAPI,POST,/payu-nbc/v1/nbc/heartBeat,3.1.0,BBPS APIs Agent Share,FALSE,,2026-08-05T06:27:18.745515+00:00,2026-06-28T09:16:39+00:00
BBPS,Get All Billers By Category API,get-all-billers-by-category-api,https://docs.payu.in/reference/get-all-billers-by-category-api,reference/BBPS/biller-apis/get-all-billers-by-category-api.md,bbps-apis-agent-share-3.json,reference/bbps-apis-agent-share-3.json,found,GetAllBillersByCategory,GET,/payu-nbc/v1/nbc/getBillerByBillerCategory,3.1.0,BBPS APIs Agent Share,FALSE,FALSE,2026-08-05T06:27:18.745515+00:00,2026-01-20T12:18:19+00:00
BBPS,Get All Billers By Region API,get-all-billers-by-region-api,https://docs.payu.in/reference/get-all-billers-by-region-api,reference/BBPS/biller-apis/get-all-billers-by-region-api.md,bbps-apis-agent-share-3.json,reference/bbps-apis-agent-share-3.json,found,GetAllBillersByRegion,GET,/payu-nbc/v1/nbc/getBillerByRegion,3.1.0,BBPS APIs Agent Share,FALSE,FALSE,2026-08-05T06:27:18.745515+00:00,2026-01-20T12:18:19+00:00
BBPS,Get All Region API,get-all-region-api,https://docs.payu.in/reference/get-all-region-api,reference/BBPS/biller-apis/get-all-region-api.md,bbps-apis-agent-share-3.json,reference/bbps-apis-agent-share-3.json,found,GetAllRegion,GET,/payu-nbc/v1/nbc/getRegions,3.1.0,BBPS APIs Agent Share,FALSE,FALSE,2026-08-05T06:27:18.745515+00:00,2026-01-20T12:18:19+00:00
BBPS,Get Biller Categories API,get-biller-categories-api,https://docs.payu.in/reference/get-biller-categories-api,reference/BBPS/biller-apis/get-biller-categories-api.md,bbps-apis-agent-share-3.json,reference/bbps-apis-agent-share-3.json,found,GetBillerCategories,GET,/payu-nbc/v1/nbc/getAllBillerCategory,3.1.0,BBPS APIs Agent Share,FALSE,FALSE,2026-08-05T06:27:18.745515+00:00,2026-01-20T12:18:19+00:00
BBPS,Get Circle List API,get-circle-list-api,https://docs.payu.in/reference/get-circle-list-api,reference/BBPS/bbps-prepaid-apis/get-circle-list-api.md,bbps-apis-agent-share-3.json,reference/bbps-apis-agent-share-3.json,found,GetCircleList,GET,/payu-nbc/v2/nbc/getCircleList,3.1.0,BBPS APIs Agent Share,FALSE,FALSE,2026-08-05T06:27:18.745515+00:00,2026-01-20T12:18:19+00:00
BBPS,Get Custom Recharge Plans API,get-custom-recharge-plans-api,https://docs.payu.in/reference/get-custom-recharge-plans-api,reference/BBPS/bbps-prepaid-apis/get-custom-recharge-plans-api.md,bbps-apis-agent-share-6.json,reference/bbps-apis-agent-share-6.json,found,GetCustomRechargePlans,POST,/payu-nbc/v3/nbc/getCustomizedRechargePlans,3.1.0,BBPS APIs Agent Share,FALSE,FALSE,2026-08-05T06:27:18.745515+00:00,2025-04-29T06:52:44+00:00
BBPS,Get Operator and Circle By Mobile Number API,get-operator-circle-by-mobile-number-api,https://docs.payu.in/reference/get-operator-circle-by-mobile-number-api,reference/BBPS/bbps-prepaid-apis/get-operator-circle-by-mobile-number-api.md,bbps-apis-agent-share-3.json,reference/bbps-apis-agent-share-3.json,found,GetOperatorandCircleByMobileNumber(MNP),POST,/payu-nbc/v2/nbc/getOperatorAndCircleInfo,3.1.0,BBPS APIs Agent Share,FALSE,FALSE,2026-08-05T06:27:18.745515+00:00,2026-01-20T12:18:19+00:00
BBPS,Get Operators List API,get-operators-list-api,https://docs.payu.in/reference/get-operators-list-api,reference/BBPS/bbps-prepaid-apis/get-operators-list-api.md,bbps-apis-agent-share-3.json,reference/bbps-apis-agent-share-3.json,found,GetOperatorsList,GET,/payu-nbc/v2/nbc/getOperatorList,3.1.0,BBPS APIs Agent Share,FALSE,FALSE,2026-08-05T06:27:18.745515+00:00,2026-01-20T12:18:19+00:00
BBPS,Get Payment Status API,get-payment-status-api,https://docs.payu.in/reference/get-payment-status-api,reference/BBPS/bill-apis/get-payment-status-api.md,bbps-apis-agent-share-5.json,reference/bbps-apis-agent-share-5.json,found,GetPaymentStatus(V2),GET,/payu-nbc/v2/nbc/status/billpayment,3.1.0,BBPS APIs Agent Share,FALSE,FALSE,2026-08-05T06:27:18.745515+00:00,2025-04-29T06:52:44+00:00
BBPS,Get Prepaid Recharge Plans API,get-prepaid-recharge-plans-api,https://docs.payu.in/reference/get-prepaid-recharge-plans-api,reference/BBPS/bbps-prepaid-apis/get-prepaid-recharge-plans-api.md,bbps-apis-agent-share-3.json,reference/bbps-apis-agent-share-3.json,found,GetPrepaidRechargePlans,POST,/payu-nbc/v3/nbc/getRechargePlans,3.1.0,BBPS APIs Agent Share,FALSE,FALSE,2026-08-05T06:27:18.745515+00:00,2026-01-20T12:18:19+00:00
BBPS,Get Token API - BBPS,get-token-api-bbps,https://docs.payu.in/reference/get-token-api-bbps,reference/BBPS/get-token-api-bbps.md,payout-for-merchants-41.json,reference/payout-for-merchants-41.json,found,GenerateTokenusingMerchant'sCredentialsAPI,POST,/token,3.1.0,Payout For Merchants,FALSE,FALSE,2026-08-05T06:27:18.721507+00:00,2025-04-29T06:52:43+00:00
BBPS,Raise BBPS Complaint API,raise-bbps-complaint-api,https://docs.payu.in/reference/raise-bbps-complaint-api,reference/BBPS/complaint-related-apis/raise-bbps-complaint-api.md,bbps-apis-agent-share-3.json,reference/bbps-apis-agent-share-3.json,found,RaiseBBPSComplaint,POST,/payu-nbc/v1/nbc/raiseComplaint,3.1.0,BBPS APIs Agent Share,FALSE,FALSE,2026-08-05T06:27:18.745515+00:00,2026-01-20T12:18:19+00:00
Collect Payment,_payment_s2s_classic_integration,_payment_s2s_classic_integration,https://docs.payu.in/reference/_payment_s2s_classic_integration,reference/Collect Payment/_payment_server_to_server/_payment_s2s_classic_integration.md,updated_s2s_classic_flow.json,reference/updated_s2s_classic_flow.json,found,ClassicIntegration-S2S,POST,/_payment,3.1.0,PayU API,FALSE,,2026-08-05T06:27:18.757519+00:00,2025-11-19T05:05:44+00:00
Collect Payment,_payment_s2s_decoupled_flow,_payment_s2s_decoupled_flow,https://docs.payu.in/reference/_payment_s2s_decoupled_flow,reference/Collect Payment/_payment_server_to_server/_payment_s2s_decoupled_flow.md,final_updated_s2s_decoupled_flow.json,reference/final_updated_s2s_decoupled_flow.json,found,CollectPaymentAPI-S2S,POST,/_payment,3.1.0,PayU API,FALSE,,2026-08-05T06:27:18.749516+00:00,2026-05-12T08:42:10+00:00
Collect Payment,_payment_s2s_direct_authorization_flow,_payment_s2s_direct_authorization_flow,https://docs.payu.in/reference/_payment_s2s_direct_authorization_flow,reference/Collect Payment/_payment_server_to_server/_payment_s2s_direct_authorization_flow.md,updated_s2s_cards_decoupled_flow.json,reference/updated_s2s_cards_decoupled_flow.json,found,S2SDirectAuthorizationFlow,POST,/_payment,3.1.0,PayU API,FALSE,,2026-08-05T06:27:18.757519+00:00,2026-05-12T08:42:56+00:00
Collect Payment,_payment_s2s_upi_collection,_payment_s2s_upi_collection,https://docs.payu.in/reference/_payment_s2s_upi_collection,reference/Collect Payment/_payment_server_to_server/_payment_s2s_upi_collection.md,merchant-hosted-36.json,reference/merchant-hosted-36.json,found,S2S-UPICollection,POST,/_payment,3.1.0,Merchant Hosted,FALSE,,2026-08-05T06:27:18.709503+00:00,2026-06-01T14:12:35+00:00
Collect Payment,BNPL,_payment_merchant_hosted_bnpl,https://docs.payu.in/reference/_payment_merchant_hosted_bnpl,reference/Collect Payment/_payment_merchant_hosted/_payment_merchant_hosted_bnpl.md,updated_bnpl_merchant_hosted.json,reference/updated_bnpl_merchant_hosted.json,found,MerchantHostedCheckout-Cards,POST,/_payment,3.1.0,Merchant Hosted,FALSE,,2026-08-05T06:27:18.753517+00:00,2025-11-19T13:35:22+00:00
Collect Payment,Collect Payment API - S2S Link and Pay,_payment_s2s_link_pay,https://docs.payu.in/reference/_payment_s2s_link_pay,reference/Collect Payment/_payment_server_to_server/_payment_s2s_link_pay.md,payu-api-23.json,reference/payu-api-23.json,found,CollectPaymentAPI-S2SLinkandPay,POST,/_payment,3.1.0,PayU API,FALSE,FALSE,2026-08-05T06:27:18.733511+00:00,2025-04-29T06:52:22+00:00
Collect Payment,Collect Payment using UPI - Merchant Hosted Checkout,_payment_merchant_hosted_upi,https://docs.payu.in/reference/_payment_merchant_hosted_upi,reference/Collect Payment/_payment_merchant_hosted/_payment_merchant_hosted_upi/index.md,updated_upi_merchant_hosted.json,reference/updated_upi_merchant_hosted.json,found,MerchantHostedCheckout-UPI,POST,/_payment,3.1.0,Merchant Hosted,FALSE,,2026-08-05T06:27:18.757519+00:00,2026-05-12T05:55:16+00:00
Collect Payment,Collect Payments API- PayU Hosted Checkout,_payment_payu_hosted_checkout,https://docs.payu.in/reference/_payment_payu_hosted_checkout,reference/Collect Payment/_payment_payu_hosted_checkout.md,updated_payu_hosted.json,reference/updated_payu_hosted.json,found,MerchantHostedCheckout-Wallets,POST,/_payment,3.1.0,Merchant Hosted,FALSE,,2026-08-05T06:27:18.757519+00:00,2026-06-28T08:56:46+00:00
Collect Payment,EMI,_payment_merchant_hosted_emi,https://docs.payu.in/reference/_payment_merchant_hosted_emi,reference/Collect Payment/_payment_merchant_hosted/_payment_merchant_hosted_emi.md,updated_emi_merchant_hosted.json,reference/updated_emi_merchant_hosted.json,found,MerchantHostedCheckout-EMI,POST,/_payment,3.1.0,Merchant Hosted,FALSE,,2026-08-05T06:27:18.753517+00:00,2025-11-19T12:48:43+00:00
Collect Payment,index,_payment_merchant_hosted_cards,https://docs.payu.in/reference/_payment_merchant_hosted_cards,reference/Collect Payment/_payment_merchant_hosted/_payment_merchant_hosted_cards/index.md,updated_cards_merchant_hosted.json,reference/updated_cards_merchant_hosted.json,found,MerchantHostedCheckout-Cards,POST,/_payment,3.1.0,Merchant Hosted,FALSE,,2026-08-05T06:27:18.753517+00:00,2026-05-12T05:53:58+00:00
Collect Payment,Wallets,_payment_merchant_hosted_wallets,https://docs.payu.in/reference/_payment_merchant_hosted_wallets,reference/Collect Payment/_payment_merchant_hosted/_payment_merchant_hosted_wallets.md,updated_wallets_merchant_hosted.json,reference/updated_wallets_merchant_hosted.json,found,MerchantHostedCheckout-Wallets,POST,/_payment,3.1.0,Merchant Hosted,FALSE,,2026-08-05T06:27:18.757519+00:00,2025-11-19T12:36:38+00:00
Cross-border Payments,_payment_cross-border_merchant_hosted_cards,_payment_cross-border_merchant_hosted_cards,https://docs.payu.in/reference/_payment_cross-border_merchant_hosted_cards,reference/Cross-border Payments/merchant-hosted-integration-cb/_payment_cross-border_merchant_hosted_cards.md,cb_merchant_hosted_cards.json,reference/cb_merchant_hosted_cards.json,found,merchantHostedCheckoutCards,POST,/_payment,3.1.0,Merchant Hosted — Cross-Border Cards,FALSE,,2026-08-05T06:27:18.745515+00:00,2026-07-15T07:29:18+00:00
Cross-border Payments,_payment_cross-border_merchant_hosted_netbanking,_payment_cross-border_merchant_hosted_netbanking,https://docs.payu.in/reference/_payment_cross-border_merchant_hosted_netbanking,reference/Cross-border Payments/merchant-hosted-integration-cb/_payment_cross-border_merchant_hosted_netbanking.md,cb_merchant_hosted_net_banking.json,reference/cb_merchant_hosted_net_banking.json,found,merchantHostedCheckoutNetBanking,POST,/_payment,3.1.0,Merchant Hosted — Cross-Border Net Banking,FALSE,,2026-08-05T06:27:18.745515+00:00,2026-07-15T07:29:52+00:00
Cross-border Payments,_payment_cross-border_merchant_hosted_upi,_payment_cross-border_merchant_hosted_upi,https://docs.payu.in/reference/_payment_cross-border_merchant_hosted_upi,reference/Cross-border Payments/merchant-hosted-integration-cb/_payment_cross-border_merchant_hosted_upi.md,cb_merchant_hosted_upi.json,reference/cb_merchant_hosted_upi.json,found,merchantHostedCheckoutUpi,POST,/_payment,3.1.0,Merchant Hosted — Cross-Border UPI,FALSE,,2026-08-05T06:27:18.745515+00:00,2026-07-15T07:44:57+00:00
Cross-border Payments,Merchant Hosted Checkout - CB LRS ,_payment_merchant_hosted_cb_lrs,https://docs.payu.in/reference/_payment_merchant_hosted_cb_lrs,reference/Cross-border Payments/_payment_merchant_hosted_cb_lrs.md,Updated_Merchant_Hosted_Card_Checkout_API_with_LRS_Final.json,reference/Updated_Merchant_Hosted_Card_Checkout_API_with_LRS_Final.json,found,MerchantHostedCheckout-Cards,POST,/_payment,3.1.0,Merchant Hosted,FALSE,,2026-08-05T06:27:18.737512+00:00,2025-07-04T12:14:23+00:00
Cross-border Payments,PayU Hosted Checkout - CB,_payment_cross-border_payu_hosted_checkout,https://docs.payu.in/reference/_payment_cross-border_payu_hosted_checkout,reference/Cross-border Payments/_payment_cross-border_payu_hosted_checkout.md,merchant-hosted-40.json,reference/merchant-hosted-40.json,found,PayUHostedCheckout,POST,/_payment,3.1.0,Merchant Hosted,FALSE,FALSE,2026-08-05T06:27:18.709503+00:00,2025-10-17T10:50:39+00:00
Cross-border Payments,PayU Hosted Checkout - CB LRS,_payment_payu_hosted_checkout_cb_lrs,https://docs.payu.in/reference/_payment_payu_hosted_checkout_cb_lrs,reference/Cross-border Payments/_payment_payu_hosted_checkout_cb_lrs.md,PayU_Hosted_Checkout_API_with_LRS_Service_Type.json,reference/PayU_Hosted_Checkout_API_with_LRS_Service_Type.json,found,post_payment,POST,/payment,3.0.0,PayU Hosted Checkout API,FALSE,,2026-08-05T06:27:18.705501+00:00,2025-10-17T13:28:45+00:00
General,Check Action Status with PayU ID,check_action_status_api_with_payu_id,https://docs.payu.in/reference/check_action_status_api_with_payu_id,reference/General/refund-apis/check_action_status_api_with_payu_id.md,payu_check_action_status_payuid_oas31.json,reference/payu_check_action_status_payuid_oas31.json,found,checkActionStatusWithPayUId,POST,/merchant/postservice.php,3.1.0,PayU Check Action Status API (PayU ID),FALSE,,2026-08-05T06:27:18.733511+00:00,2025-11-28T13:35:34+00:00
General,Check is Domestic API,check_is_domestic_api,https://docs.payu.in/reference/check_is_domestic_api,reference/General/bin-apis/check_is_domestic_api.md,check_isdomestic.json,reference/check_isdomestic.json,found,checkisdomestic,POST,/merchant/postservice.php,3.1.0,Check is Domestic API,FALSE,,2026-08-05T06:27:18.749516+00:00,2025-11-20T09:34:09+00:00
General,Check Payment API,check_payment_api,https://docs.payu.in/reference/check_payment_api,reference/General/check-transaction-apis/check_payment_api.md,check_transaction_api.json,reference/check_transaction_api.json,found,CheckPaymentAPI,POST,/postservice,3.1.0,General,FALSE,,2026-08-05T06:27:18.749516+00:00,2025-11-20T04:41:23+00:00
General,Check Refund Status API with Request ID,check_action_status_api_with_request_id,https://docs.payu.in/reference/check_action_status_api_with_request_id,reference/General/refund-apis/check_action_status_api_with_request_id.md,payu_check_refund_status_requestid_oas31.json,reference/payu_check_refund_status_requestid_oas31.json,found,checkRefundStatusWithRequestId,POST,/merchant/postservice.php,3.1.0,PayU Check Refund Status API (Request ID),FALSE,,2026-08-05T06:27:18.737512+00:00,2026-06-28T09:09:23+00:00
General,Eligible BINs for EMI API v1.0,eligiblebinsforemi,https://docs.payu.in/reference/eligiblebinsforemi,reference/General/emi-apis/eligiblebinsforemi.md,eligible_bins_emi.json,reference/eligible_bins_emi.json,found,EligibleBINsforEMI,POST,/merchant/postservice.php,3.1.0,EMI APIs,FALSE,,2026-08-05T06:27:18.749516+00:00,2025-11-21T10:28:05+00:00
General,Get All Refunds from Transaction ID,get_all_refunds_from_transaction_ids_api,https://docs.payu.in/reference/get_all_refunds_from_transaction_ids_api,reference/General/refund-apis/get_all_refunds_from_transaction_ids_api.md,payu_get_all_refunds_txnid_oas31.json,reference/payu_get_all_refunds_txnid_oas31.json,found,getAllRefundsFromTransactionId,POST,/merchant/postservice.php,3.1.0,PayU Get All Refunds API (Transaction ID),FALSE,,2026-08-05T06:27:18.737512+00:00,2025-11-28T13:56:24+00:00
General,Get BIN Info API,get_bin_info_api,https://docs.payu.in/reference/get_bin_info_api,reference/General/bin-apis/get_bin_info_api.md,bin-info-8.json,reference/bin-info-8.json,found,GetBinInfoAPI,POST,/merchant/postservice.php,3.1.0,Get BIN Info API,FALSE,FALSE,2026-08-05T06:27:18.745515+00:00,2025-11-20T09:51:52+00:00
General,Get Checkout Details API,get_checkout_details,https://docs.payu.in/reference/get_checkout_details,reference/General/get_checkout_details/index.md,others-12.json,reference/others-12.json,found,get-checkout_details,POST,/postservice.php,3.1.0,Others,FALSE,,2026-08-05T06:27:18.709503+00:00,2026-06-27T11:34:36+00:00
General,Get EMI Amount according to Interest API,get_emi_according_to_interest_api,https://docs.payu.in/reference/get_emi_according_to_interest_api,reference/General/emi-apis/get_emi_according_to_interest_api/index.md,emi-apis-11.json,reference/emi-apis-11.json,found,GetEMIAccordingtoInterest,POST,/merchant/postservice.php,3.1.0,EMI APIs,FALSE,FALSE,2026-08-05T06:27:18.749516+00:00,2025-04-29T06:52:28+00:00
General,Get Issuing Bank Down BINs API,get_issuing_bank_down_bins_api,https://docs.payu.in/reference/get_issuing_bank_down_bins_api,reference/General/health-check-apis/get_issuing_bank_down_bins_api.md,updated_gettingissuingbankdownbins.json,reference/updated_gettingissuingbankdownbins.json,found,GetIssuingBankDownBINs,POST,/merchant/postservice.php,3.1.0,BIN Info,FALSE,,2026-08-05T06:27:18.757519+00:00,2025-11-19T11:13:58+00:00
General,Get Issuing Bank Status API,get_issuing_bank_status_api,https://docs.payu.in/reference/get_issuing_bank_status_api,reference/General/health-check-apis/get_issuing_bank_status_api.md,getIssuingBankStatus.json,reference/getIssuingBankStatus.json,found,IssuingBankStatus,POST,/postservice.php,3.1.0,Health Check,FALSE,,2026-08-05T06:27:18.701500+00:00,2025-11-19T12:04:56+00:00
General,Get TDR API,get_tdr_api,https://docs.payu.in/reference/get_tdr_api,reference/General/check-transaction-apis/get_tdr_api.md,get_tdr_corrected.json,reference/get_tdr_corrected.json,found,get_TDR,POST,/postservice.php,3.1.0,General,FALSE,,2026-08-05T06:27:18.701500+00:00,2025-11-20T04:51:32+00:00
General,Get Transaction Details API,get_transaction_details_api,https://docs.payu.in/reference/get_transaction_details_api,reference/General/transaction-detail-apis/get_transaction_details_api.md,get-transaction-details-7.json,reference/get-transaction-details-7.json,found,GetTransactionDetails,POST,/merchant/postservice.php,3.1.0,Get Transaction Details,FALSE,FALSE,2026-08-05T06:27:18.701500+00:00,2026-05-04T05:30:15+00:00
General,Get Transaction Info API,get_transaction_info_api,https://docs.payu.in/reference/get_transaction_info_api,reference/General/transaction-detail-apis/get_transaction_info_api.md,get-transaction-info-5.json,reference/get-transaction-info-5.json,found,GetTransactionInfo,POST,/postservice.php,3.1.0,Get Transaction Info,FALSE,FALSE,2026-08-05T06:27:18.701500+00:00,2025-11-10T05:51:24+00:00
General,get_pg_up_status_api,get_pg_up_status_api,https://docs.payu.in/reference/get_pg_up_status_api,reference/General/health-check-apis/get_pg_up_status_api.md,getpaymentgatewayupstatus_api_postman_collection_updated.json,reference/getpaymentgatewayupstatus_api_postman_collection_updated.json,found,post_merchant-postservice-php,POST,/merchant/postservice.php,3.0.0,getPaymentGatewayUpStatus API,FALSE,,2026-08-05T06:27:18.701500+00:00,2026-07-24T10:49:32+00:00
General,Refund Transaction API,refund_transaction_api,https://docs.payu.in/reference/refund_transaction_api,reference/General/refund-apis/refund_transaction_api.md,refund_apis.json,reference/refund_apis.json,found,refundTransaction,POST,/merchant/postservice.php,3.1.0,PayU Refund APIs Collection,FALSE,,2026-08-05T06:27:18.737512+00:00,2025-11-28T13:27:28+00:00
General,Verify Payment API,verify_payment_api,https://docs.payu.in/reference/verify_payment_api,reference/General/check-transaction-apis/verify_payment_api.md,verify_payment.json,reference/verify_payment.json,found,verifypayment,POST,/postservice,3.1.0,General,FALSE,,2026-08-05T06:27:18.757519+00:00,2025-11-20T04:31:37+00:00
Partner APIs,addsignatorydetails,addsignatorydetails,https://docs.payu.in/reference/addsignatorydetails,reference/Partner APIs/step-08-add-signatory-details/addsignatorydetails.md,payu_partner_api_openapi_3.1_enhanced_v1.yaml,reference/payu_partner_api_openapi_3.1_enhanced_v1.yaml,found,AddSignatoryDetails,PUT,/api/v1/merchants/{uuid_signatory}/signatory_details,3.1.0,Partner API - Public Entity Copy 2,FALSE,,2026-08-05T06:27:18.737512+00:00,2026-08-05T06:22:42+00:00
Partner APIs,addupdateubo,addupdateubo,https://docs.payu.in/reference/addupdateubo,reference/Partner APIs/step-12-addupdate-ubo-1/addupdateubo.md,payu_partner_api_openapi_3.1_enhanced_v1.yaml,reference/payu_partner_api_openapi_3.1_enhanced_v1.yaml,found,AddUpdateUBO,PUT,/api/v1/merchants/{uuid}/signatory_details,3.1.0,Partner API - Public Entity Copy 2,FALSE,,2026-08-05T06:27:18.737512+00:00,2026-08-05T06:22:42+00:00
Partner APIs,createmerchant,createmerchant,https://docs.payu.in/reference/createmerchant,reference/Partner APIs/step-01-create-merchant-1/createmerchant.md,payu_partner_api_openapi_3.1_enhanced_v1.yaml,reference/payu_partner_api_openapi_3.1_enhanced_v1.yaml,found,CreateMerchant,POST,/api/v3/merchants,3.1.0,Partner API - Public Entity Copy 2,FALSE,,2026-08-05T06:27:18.737512+00:00,2026-08-05T06:22:42+00:00
Partner APIs,createvkycprofile,createvkycprofile,https://docs.payu.in/reference/createvkycprofile,reference/Partner APIs/step-11-video-kyc-vkyc-1/createvkycprofile.md,payu_partner_api_openapi_3.1_enhanced_v1.yaml,reference/payu_partner_api_openapi_3.1_enhanced_v1.yaml,found,CreateVKYCProfile,POST,/api/v3/merchants/kyc_document/create_vkyc_profile,3.1.0,Partner API - Public Entity Copy 2,FALSE,,2026-08-05T06:27:18.737512+00:00,2026-08-05T06:22:42+00:00
Partner APIs,deletekycdocument,deletekycdocument,https://docs.payu.in/reference/deletekycdocument,reference/Partner APIs/step-15-upload-kyc-documents-1/deletekycdocument.md,payu_partner_api_openapi_3.1_enhanced_v1.yaml,reference/payu_partner_api_openapi_3.1_enhanced_v1.yaml,found,DeleteKYCDocument,DELETE,/api/v3/merchants/{mid}/kyc_document/{kyc_document_uuid},3.1.0,Partner API - Public Entity Copy 2,FALSE,,2026-08-05T06:27:18.737512+00:00,2026-08-05T06:22:42+00:00
Partner APIs,fetchckycdata,fetchckycdata,https://docs.payu.in/reference/fetchckycdata,reference/Partner APIs/step-03-ckyc-verification-1/fetchckycdata.md,payu_partner_api_openapi_3.1_enhanced_v1.yaml,reference/payu_partner_api_openapi_3.1_enhanced_v1.yaml,found,FetchCkycData,POST,/api/v3/merchants/kyc_document/ckyc_data,3.1.0,Partner API - Public Entity Copy 2,FALSE,,2026-08-05T06:27:18.737512+00:00,2026-08-05T06:22:42+00:00
Partner APIs,fetchrequireddocs,fetchrequireddocs,https://docs.payu.in/reference/fetchrequireddocs,reference/Partner APIs/step-14-fetch-required-kyc-documents-1/fetchrequireddocs.md,payu_partner_api_openapi_3.1_enhanced_v1.yaml,reference/payu_partner_api_openapi_3.1_enhanced_v1.yaml,found,FetchRequiredDocs,GET,/api/v3/merchants/{mid}/kyc_document/required_docs,3.1.0,Partner API - Public Entity Copy 2,FALSE,,2026-08-05T06:27:18.737512+00:00,2026-08-05T06:22:42+00:00
Partner APIs,generateagreementforesign,generateagreementforesign,https://docs.payu.in/reference/generateagreementforesign,reference/Partner APIs/step-16-e-sign-agreement-1/generateagreementforesign.md,payu_partner_api_openapi_3.1_enhanced_v1.yaml,reference/payu_partner_api_openapi_3.1_enhanced_v1.yaml,found,GenerateAgreementForESign,GET,/api/v1/merchants/{uuid}/generate_merged_document_for_esign,3.1.0,Partner API - Public Entity Copy 2,FALSE,,2026-08-05T06:27:18.737512+00:00,2026-08-05T06:22:42+00:00
Partner APIs,generatedigilockerlink,generatedigilockerlink,https://docs.payu.in/reference/generatedigilockerlink,reference/Partner APIs/step-09-digilocker-verification-1/generatedigilockerlink.md,payu_partner_api_openapi_3.1_enhanced_v1.yaml,reference/payu_partner_api_openapi_3.1_enhanced_v1.yaml,found,GenerateDigilockerLink,POST,/api/v3/merchants/{mid}/kyc_document/generate_digilocker_link,3.1.0,Partner API - Public Entity Copy 2,FALSE,,2026-08-05T06:27:18.737512+00:00,2026-08-05T06:22:42+00:00
Partner APIs,get_token_partner_integration,get_token_partner_integration,https://docs.payu.in/reference/get_token_partner_integration,reference/Partner APIs/step-00-authentication/get_token_partner_integration.md,payu_partner_gettoken.postman_collection.json,reference/payu_partner_gettoken.postman_collection.json,found,post_oauth-token,POST,/oauth/token,3.0.0,Partner API — GetToken (Authentication),FALSE,,2026-08-05T06:27:18.737512+00:00,2026-08-05T06:15:11+00:00
Partner APIs,getmerchant,getmerchant,https://docs.payu.in/reference/getmerchant,reference/Partner APIs/utilities-1/getmerchant.md,payu_partner_api_openapi_3.1_enhanced_v1.yaml,reference/payu_partner_api_openapi_3.1_enhanced_v1.yaml,found,GetMerchant,GET,/api/v1/merchants/{merchant_id},3.1.0,Partner API - Public Entity Copy 2,FALSE,,2026-08-05T06:27:18.737512+00:00,2026-08-05T06:22:42+00:00
Partner APIs,list_business_members_api,list_business_members_api,https://docs.payu.in/reference/list_business_members_api,reference/Partner APIs/step-13-business-members-kmp-1/list_business_members_api.md,payu_partner_api_openapi_3.1_enhanced_v1.yaml,reference/payu_partner_api_openapi_3.1_enhanced_v1.yaml,found,List_Business_members_API,GET,/api/v1/merchants/11f0-8ee3-5847ce32-bf72-02975f21d323/list_business_members,3.1.0,Partner API - Public Entity Copy 2,FALSE,,2026-08-05T06:27:18.737512+00:00,2026-08-05T06:22:42+00:00
Partner APIs,sendckycotp,sendckycotp,https://docs.payu.in/reference/sendckycotp,reference/Partner APIs/step-03-ckyc-verification-1/sendckycotp.md,payu_partner_api_openapi_3.1_enhanced_v1.yaml,reference/payu_partner_api_openapi_3.1_enhanced_v1.yaml,found,SendCkycOtp,POST,/api/v3/merchants/kyc_document/send_ckyc_otp,3.1.0,Partner API - Public Entity Copy 2,FALSE,,2026-08-05T06:27:18.737512+00:00,2026-08-05T06:22:42+00:00
Partner APIs,showkycdocument,showkycdocument,https://docs.payu.in/reference/showkycdocument,reference/Partner APIs/step-15-upload-kyc-documents-1/showkycdocument.md,payu_partner_api_openapi_3.1_enhanced_v1.yaml,reference/payu_partner_api_openapi_3.1_enhanced_v1.yaml,found,ShowKYCDocument,GET,/api/v3/merchants/{mid}/kyc_document/{kyc_document_uuid},3.1.0,Partner API - Public Entity Copy 2,FALSE,,2026-08-05T06:27:18.737512+00:00,2026-08-05T06:22:42+00:00
Partner APIs,submitbusinessmembers,submitbusinessmembers,https://docs.payu.in/reference/submitbusinessmembers,reference/Partner APIs/step-13-business-members-kmp-1/submitbusinessmembers.md,payu_partner_api_openapi_3.1_enhanced_v1.yaml,reference/payu_partner_api_openapi_3.1_enhanced_v1.yaml,found,SubmitBusinessMembers,PUT,/api/v1/merchants/{uuid}/submit_business_members,3.1.0,Partner API - Public Entity Copy 2,FALSE,,2026-08-05T06:27:18.737512+00:00,2026-08-05T06:22:42+00:00
Partner APIs,updatemerchant_addresses,updatemerchant_addresses,https://docs.payu.in/reference/updatemerchant_addresses,reference/Partner APIs/step-10-update-addresses-1/updatemerchant_addresses.md,payu_partner_api_openapi_3.1_enhanced_v1.yaml,reference/payu_partner_api_openapi_3.1_enhanced_v1.yaml,found,UpdateMerchant_Addresses,PUT,/api/v1/merchants/{uuid}/update,3.1.0,Partner API - Public Entity Copy 2,FALSE,,2026-08-05T06:27:18.737512+00:00,2026-08-05T06:22:42+00:00
Partner APIs,updatemerchant_bankdetails,updatemerchant_bankdetails,https://docs.payu.in/reference/updatemerchant_bankdetails,reference/Partner APIs/step-05-update-bank-details/updatemerchant_bankdetails.md,payu_partner_api_openapi_3.1_enhanced_v1.yaml,reference/payu_partner_api_openapi_3.1_enhanced_v1.yaml,found,UpdateMerchant_BankDetails,PUT,/api/v1/merchants/{uuid_bank}/update,3.1.0,Partner API - Public Entity Copy 2,FALSE,,2026-08-05T06:27:18.737512+00:00,2026-08-05T06:22:42+00:00
Partner APIs,updatemerchant_businessdetails,updatemerchant_businessdetails,https://docs.payu.in/reference/updatemerchant_businessdetails,reference/Partner APIs/step-04-update-business-details/updatemerchant_businessdetails.md,payu_partner_api_openapi_3.1_enhanced_v1.yaml,reference/payu_partner_api_openapi_3.1_enhanced_v1.yaml,found,UpdateMerchant_BusinessDetails,PUT,/api/v1/merchants/{uuid_business}/update,3.1.0,Partner API - Public Entity Copy 2,FALSE,,2026-08-05T06:27:18.737512+00:00,2026-08-05T06:22:42+00:00
Partner APIs,updatemerchant_pan_dob_entity,updatemerchant_pan_dob_entity,https://docs.payu.in/reference/updatemerchant_pan_dob_entity,reference/Partner APIs/step-02-update-pan-dob/updatemerchant_pan_dob_entity.md,payu_partner_api_openapi_3.1_enhanced_v1.yaml,reference/payu_partner_api_openapi_3.1_enhanced_v1.yaml,found,UpdateMerchant_PAN_DOB_Entity,PUT,/api/v1/merchants/{uuid_pan}/update,3.1.0,Partner API - Public Entity Copy 2,FALSE,,2026-08-05T06:27:18.737512+00:00,2026-08-05T06:22:42+00:00
Partner APIs,updatemerchant_websitedetails,updatemerchant_websitedetails,https://docs.payu.in/reference/updatemerchant_websitedetails,reference/Partner APIs/step-07-update-website-details/updatemerchant_websitedetails.md,payu_partner_api_openapi_3.1_enhanced_v1.yaml,reference/payu_partner_api_openapi_3.1_enhanced_v1.yaml,found,UpdateMerchant_WebsiteDetails,PUT,/api/v1/merchants/{uuid_website}/update,3.1.0,Partner API - Public Entity Copy 2,FALSE,,2026-08-05T06:27:18.737512+00:00,2026-08-05T06:22:42+00:00
Partner APIs,uploadbankproof,uploadbankproof,https://docs.payu.in/reference/uploadbankproof,reference/Partner APIs/step-06-upload-bank-proof-conditional/uploadbankproof.md,payu_partner_api_openapi_3.1_enhanced_v1.yaml,reference/payu_partner_api_openapi_3.1_enhanced_v1.yaml,found,UploadBankProof,POST,/api/v3/merchants/{mid_bank_proof}/kyc_document,3.1.0,Partner API - Public Entity Copy 2,FALSE,,2026-08-05T06:27:18.737512+00:00,2026-08-05T06:22:42+00:00
Partner APIs,uploadkycdocument,uploadkycdocument,https://docs.payu.in/reference/uploadkycdocument,reference/Partner APIs/step-15-upload-kyc-documents-1/uploadkycdocument.md,payu_partner_api_openapi_3.1_enhanced_v1.yaml,reference/payu_partner_api_openapi_3.1_enhanced_v1.yaml,found,UploadKYCDocument,POST,/api/v3/merchants/{mid}/kyc_document,3.1.0,Partner API - Public Entity Copy 2,FALSE,,2026-08-05T06:27:18.737512+00:00,2026-08-05T06:22:42+00:00
Partner APIs,verifyckycotp,verifyckycotp,https://docs.payu.in/reference/verifyckycotp,reference/Partner APIs/step-03-ckyc-verification-1/verifyckycotp.md,payu_partner_api_openapi_3.1_enhanced_v1.yaml,reference/payu_partner_api_openapi_3.1_enhanced_v1.yaml,found,VerifyCkycOtp,POST,/api/v3/merchants/kyc_document/verify_ckyc_otp,3.1.0,Partner API - Public Entity Copy 2,FALSE,,2026-08-05T06:27:18.737512+00:00,2026-08-05T06:22:42+00:00
ParTner integration,Aadhaar XML Data API,aadhaar-xml-data-api,https://docs.payu.in/reference/aadhaar-xml-data-api,reference/ParTner integration/onboarding-and-kyc-apis/manage-kyc-documents-aadharapis/aadhaar-xml-data-api.md,Partner_Onboarding_APIs_with_Aadhaar_APIs.json,reference/Partner_Onboarding_APIs_with_Aadhaar_APIs.json,found,post_api-v3-merchants-kyc-document-aadhaar-xml-data,,,3.0.0,UAT - Refer merchant apis for partner,FALSE,,2026-08-05T06:27:18.701500+00:00,2026-06-28T09:17:20+00:00
ParTner integration,aadhaar-xml-offline-api,aadhaar-xml-offline-api,https://docs.payu.in/reference/aadhaar-xml-offline-api,reference/ParTner integration/onboarding-and-kyc-apis/manage-kyc-documents-aadharapis/aadhaar-xml-offline-api.md,Partner_Onboarding_APIs_with_Aadhaar_APIs.json,reference/Partner_Onboarding_APIs_with_Aadhaar_APIs.json,found,post_api-v3-merchants-kyc-document-aadhaar-xml-offline,,,3.0.0,UAT - Refer merchant apis for partner,FALSE,,2026-08-05T06:27:18.701500+00:00,2026-06-28T09:17:20+00:00
ParTner integration,Aadhar OTP Generation API,aadhaar-otp-generation-api,https://docs.payu.in/reference/aadhaar-otp-generation-api,reference/ParTner integration/onboarding-and-kyc-apis/manage-kyc-documents-aadharapis/aadhaar-otp-generation-api.md,Partner_Onboarding_APIs_with_Aadhaar_APIs.json,reference/Partner_Onboarding_APIs_with_Aadhaar_APIs.json,found,post_api-v3-merchants-kyc-document-aadhaar-xml-consent,,,3.0.0,UAT - Refer merchant apis for partner,FALSE,,2026-08-05T06:27:18.701500+00:00,2026-06-28T09:17:20+00:00
ParTner integration,Add or Update Bank Details API,add_update_bank_details_api,https://docs.payu.in/reference/add_update_bank_details_api,reference/ParTner integration/onboarding-and-kyc-apis/bank-details-api/add_update_bank_details_api.md,Add_Update_Bank_Details_API_Collection.json,reference/Add_Update_Bank_Details_API_Collection.json,found,Add/UpdateBankDetails,POST,/v3/merchants/{uuid}/add_bank_detail,3.1.0,Add or Update Bank Details API,FALSE,,2026-08-05T06:27:18.733511+00:00,2025-05-28T13:53:41+00:00
ParTner integration,Create Merchant API,create_merchant_api,https://docs.payu.in/reference/create_merchant_api,reference/ParTner integration/onboarding-and-kyc-apis/onboarding-apis/create_merchant_api.md,payu_create_merchant_api_updated.json,reference/payu_create_merchant_api_updated.json,found,createMerchant,POST,/api/v3/merchants,3.0.0,Create Merchant API,FALSE,,2026-08-05T06:27:18.737512+00:00,2026-05-19T05:53:59+00:00
ParTner integration,Delete KYC Document API,delete_kyc_document_api,https://docs.payu.in/reference/delete_kyc_document_api,reference/ParTner integration/onboarding-and-kyc-apis/manage-kyc-documents/delete_kyc_document_api.md,Delete_KYC_Document_API_Collection_v2.json,reference/Delete_KYC_Document_API_Collection_v2.json,found,DeleteKYCdocument,DELETE,/v3/merchants/{mid}/kyc_document/{kyc_document_uuid},3.1.0,Delete KYC Document API,FALSE,,2026-08-05T06:27:18.701500+00:00,2026-05-19T05:59:06+00:00
ParTner integration,Documents Required for KYC API,docs_required_api,https://docs.payu.in/reference/docs_required_api,reference/ParTner integration/onboarding-and-kyc-apis/manage-kyc-documents/docs_required_api.md,Documents_Required_API_Collection.json,reference/Documents_Required_API_Collection.json,found,DocumentsrequiredforKYC,GET,/v3/merchants/{uuid}/kyc_document/required_docs,3.1.0,Documents Required for KYC API,FALSE,,2026-08-05T06:27:18.701500+00:00,2026-05-19T05:57:30+00:00
ParTner integration,E-Sign Merchant Agreement API,e-sign-merchant-agreement-api,https://docs.payu.in/reference/e-sign-merchant-agreement-api,reference/ParTner integration/onboarding-and-kyc-apis/e-sign-flow-apis/e-sign-merchant-agreement-api.md,ESign_Merchant_Agreement_API.json,reference/ESign_Merchant_Agreement_API.json,found,EsignMerchantAgreement,POST,/v3/merchants/{merchant_uuid}/agreements/{agreement_uuid}/esign,3.1.0,E-Sign Merchant Agreement API,FALSE,,2026-08-05T06:27:18.701500+00:00,2026-05-19T06:02:50+00:00
ParTner integration,Generate Merchant Agreement For E-Sign,generate-merchant-agreement-for-e-sign-api,https://docs.payu.in/reference/generate-merchant-agreement-for-e-sign-api,reference/ParTner integration/onboarding-and-kyc-apis/e-sign-flow-apis/generate-merchant-agreement-for-e-sign-api.md,Generate_Merchant_Agreement_For_ESign_API_v0.json,reference/Generate_Merchant_Agreement_For_ESign_API_v0.json,found,GenerateMerchantAgreementForEsign,POST,/v3/merchants/{merchant_uuid}/generate_agreement_for_esign,3.1.0,Generate Merchant Agreement for E-Sign API,FALSE,,2026-08-05T06:27:18.717505+00:00,2026-05-19T06:01:24+00:00
ParTner integration,Get Merchant Details API,get_merchant_api,https://docs.payu.in/reference/get_merchant_api,reference/ParTner integration/onboarding-and-kyc-apis/onboarding-apis/get_merchant_api.md,GetMerchant_API_Collection.json,reference/GetMerchant_API_Collection.json,found,GetMerchant,GET,/v3/merchants/{uuid},3.1.0,Get Merchant API,FALSE,,2026-08-05T06:27:18.717505+00:00,2026-05-19T05:55:25+00:00
ParTner integration,Info KYC Document API,info_kyc_document_api,https://docs.payu.in/reference/info_kyc_document_api,reference/ParTner integration/onboarding-and-kyc-apis/manage-kyc-documents/info_kyc_document_api.md,Info_KYC_Document_API_With_BusinessEntity.json,reference/Info_KYC_Document_API_With_BusinessEntity.json,found,InfoKYCdocument,GET,/v3/merchants/kyc_document/info,3.1.0,Info KYC Document API,FALSE,,2026-08-05T06:27:18.725508+00:00,2026-05-19T05:56:50+00:00
ParTner integration,Send OTP to Signatory Email API,send-otp-to-signatory-email-api,https://docs.payu.in/reference/send-otp-to-signatory-email-api,reference/ParTner integration/onboarding-and-kyc-apis/e-sign-flow-apis/send-otp-to-signatory-email-api.md,Send_OTP_To_Signatory_Email_API.json,reference/Send_OTP_To_Signatory_Email_API.json,found,SendOtpToSignatoryEmail,POST,/v3/merchants/{merchant_uuid}/agreements/{agreement_uuid}/send_signatory_otp,3.1.0,Send OTP to Signatory Email API,FALSE,,2026-08-05T06:27:18.713504+00:00,2026-05-19T06:02:02+00:00
ParTner integration,Update Merchant Details API,update_merchant_details_api,https://docs.payu.in/reference/update_merchant_details_api,reference/ParTner integration/onboarding-and-kyc-apis/onboarding-apis/update_merchant_details_api.md,payu_merchant_api_final.json,reference/payu_merchant_api_final.json,found,updateMerchantById,PUT,/api/v1/merchants/{{product_account_uuid}}/update/,3.0.0,Create Merchant API,FALSE,,2026-08-05T06:27:18.737512+00:00,2026-05-19T05:54:39+00:00
payment links,Create a Payment Link API,create-payment-links,https://docs.payu.in/reference/create-payment-links,reference/payment links/manage-payment-links/create-payment-links.md,payment-link-33.json,reference/payment-link-33.json,found,CreatePaymentLinkAPI,POST,/payment-links,3.1.0,Payment Link,FALSE,FALSE,2026-08-05T06:27:18.721507+00:00,2025-04-29T06:52:31+00:00
payment links,Get Transaction Details API for Payment Links,get-transaction-details-api,https://docs.payu.in/reference/get-transaction-details-api,reference/payment links/manage-payment-links/get-transaction-details-api.md,get-transaction-details-6.json,reference/get-transaction-details-6.json,found,GetTransactionDetailsAPI,GET,/payment-links/{invoiceId}/txns,3.1.0,Get Transaction Details,FALSE,FALSE,2026-08-05T06:27:18.701500+00:00,2026-05-04T05:09:57+00:00
payment links,get-token-api-for-payment-links,get-token-api-for-payment-links,https://docs.payu.in/reference/get-token-api-for-payment-links,reference/payment links/get-token-api-for-payment-links.md,PayU_OAuth2_Collection.json,reference/PayU_OAuth2_Collection.json,found,getAccessToken,POST,/oauth/token,3.0.0,Get Token API - Payment Links,FALSE,,2026-08-05T06:27:18.705501+00:00,2026-05-22T06:11:29+00:00
payment links,Share Payment Link API,share_payment_link_api,https://docs.payu.in/reference/share_payment_link_api,reference/payment links/manage-payment-links/share_payment_link_api.md,payment-link-4.json,reference/payment-link-4.json,found,SharePaymentLinkAPI,POST,/payment-links/,3.1.0,Payment Link,FALSE,FALSE,2026-08-05T06:27:18.721507+00:00,2025-04-29T06:52:32+00:00
payouts,Bulk Process File API,bulk-process-file-api,https://docs.payu.in/reference/bulk-process-file-api,reference/payouts/bulk-smart-send/bulk-process-file-api.md,new-payouts-api-collection-2.json,reference/new-payouts-api-collection-2.json,found,BulkProcessFileAPI,PUT,/v2/smartSend/bulkUpload/transfers/,3.1.0,New Payouts API Collection,FALSE,FALSE,2026-08-05T06:27:18.709503+00:00,2025-04-29T06:52:49+00:00
payouts,Bulk Upload Status API,bulk-upload-status-api,https://docs.payu.in/reference/bulk-upload-status-api,reference/payouts/bulk-smart-send/bulk-upload-status-api.md,new-payouts-api-collection-2.json,reference/new-payouts-api-collection-2.json,found,BulkUploadStatusAPI,GET,/v2/bulkUpload/transfers/,3.1.0,New Payouts API Collection,FALSE,FALSE,2026-08-05T06:27:18.709503+00:00,2025-04-29T06:52:49+00:00
payouts,Cancel Smart Send API,cancel-smartsend-api,https://docs.payu.in/reference/cancel-smartsend-api,reference/payouts/smart-send-apis/cancel-smartsend-api.md,new-payouts-api-collection-1.json,reference/new-payouts-api-collection-1.json,found,CancelSmartSendAPI,POST,/smartPay/cancel,3.1.0,New Payouts API Collection,FALSE,FALSE,2026-08-05T06:27:18.709503+00:00,2025-04-29T06:52:49+00:00
payouts,Cancel Transfer API,cancel-transfer-api,https://docs.payu.in/reference/cancel-transfer-api,reference/payouts/payouts-initiation-and-tracking/cancel-transfer-api.md,payout-for-merchants-20.json,reference/payout-for-merchants-20.json,found,PayoutCancelAPI,POST,/payment/cancel,3.1.0,Payout For Merchants,FALSE,FALSE,2026-08-05T06:27:18.721507+00:00,2025-04-29T06:52:47+00:00
payouts,Check Transfer Status API,check-transfer-status-api,https://docs.payu.in/reference/check-transfer-status-api,reference/payouts/payouts-initiation-and-tracking/check-transfer-status-api.md,payouts-api-7.json,reference/payouts-api-7.json,found,CheckTransferStatusAPI,POST,/payment/listTransactions,3.1.0,Payouts API,FALSE,FALSE,2026-08-05T06:27:18.725508+00:00,2025-04-29T06:52:47+00:00
payouts,Create Smart Send Link API,create-smart-send-link-api,https://docs.payu.in/reference/create-smart-send-link-api,reference/payouts/smart-send-apis/create-smart-send-link-api.md,new-payouts-api-collection-5.json,reference/new-payouts-api-collection-5.json,found,CreateSmartSendLinkAPI,POST,/v2/smartSend/link,3.1.0,New Payouts API Collection,FALSE,FALSE,2026-08-05T06:27:18.709503+00:00,2025-04-29T06:52:48+00:00
payouts,Disable Queued Payouts API,disable-queued-payouts-api,https://docs.payu.in/reference/disable-queued-payouts-api,reference/payouts/payouts-initiation-and-tracking/disable-queued-payouts-api.md,payouts-api-7.json,reference/payouts-api-7.json,found,DisableQueuedPayoutsAPI,POST,/setQueueTxnFlag,3.1.0,Payouts API,FALSE,FALSE,2026-08-05T06:27:18.725508+00:00,2025-04-29T06:52:47+00:00
payouts,Extend Expiry Date API,extend-expiry-date-api,https://docs.payu.in/reference/extend-expiry-date-api,reference/payouts/smart-send-apis/extend-expiry-date-api.md,extend-expiry-date-api-2.json,reference/extend-expiry-date-api-2.json,found,ExtendexpirydateApi,PUT,/extendExpiry,3.1.0,Extend expiry date API,FALSE,FALSE,2026-08-05T06:27:18.749516+00:00,2025-04-29T06:52:48+00:00
payouts,Generate Token using Private Client ID,generate-token-using-private-client-id,https://docs.payu.in/reference/generate-token-using-private-client-id,reference/payouts/authentication-for-payouts/generate-token-using-private-client-id.md,payout-for-merchants-13.json,reference/payout-for-merchants-13.json,found,GenerateTokenusingPrivateClientID,POST,/token,3.1.0,Payout For Merchants,FALSE,FALSE,2026-08-05T06:27:18.721507+00:00,2025-04-29T06:52:45+00:00
payouts,Get Account Details API - Payouts,get-account-details-api-payouts,https://docs.payu.in/reference/get-account-details-api-payouts,reference/payouts/payouts-initiation-and-tracking/get-account-details-api-payouts.md,payout-for-merchants-16.json,reference/payout-for-merchants-16.json,found,Getaccountdetail,GET,/merchant/getAccountDetail,3.1.0,Payout For Merchants,FALSE,FALSE,2026-08-05T06:27:18.721507+00:00,2025-04-29T06:52:46+00:00
payouts,Get IFSC Details API,get-ifsc-details-api,https://docs.payu.in/reference/get-ifsc-details-api,reference/payouts/verification-and-validation/get-ifsc-details-api.md,payouts-api-8.json,reference/payouts-api-8.json,found,GetIFSCDetailsAPI,GET,/merchant/getIfscDetails,3.1.0,Payouts API,FALSE,FALSE,2026-08-05T06:27:18.725508+00:00,2025-04-29T06:52:47+00:00
payouts,Initiate Transfer API,initiate-transfer-api,https://docs.payu.in/reference/initiate-transfer-api,reference/payouts/payouts-initiation-and-tracking/initiate-transfer-api.md,initiate_transfer.json,reference/initiate_transfer.json,found,InitiateTransferAPI,POST,/v2/payment,3.1.0,Payouts API,FALSE,,2026-08-05T06:27:18.705501+00:00,2026-04-07T12:27:10+00:00
payouts,smart_send_details_api,smart_send_details_api,https://docs.payu.in/reference/smart_send_details_api,reference/payouts/smart-send-apis/smart_send_details_api.md,paritalgeneral-apis-13.json,reference/paritalgeneral-apis-13.json,found,SmartSendDetailsAPI,GET,/merchant/smartSend/details,3.1.0,ParitalGeneral APIs,FALSE,,2026-08-05T06:27:18.713504+00:00,2026-06-27T15:13:50+00:00
payouts,Validate VPA - Payouts,validatevpa,https://docs.payu.in/reference/validatevpa,reference/payouts/verification-and-validation/validatevpa.md,paritalgeneral-apis-9.json,reference/paritalgeneral-apis-9.json,found,validateVPA,POST,/merchant/validateVpa,3.1.0,ParitalGeneral APIs,FALSE,FALSE,2026-08-05T06:27:18.713504+00:00,2025-04-29T06:52:48+00:00
payouts,Verify Account or Penny Test API,verifyaccount,https://docs.payu.in/reference/verifyaccount,reference/payouts/verification-and-validation/verifyaccount.md,paritalgeneral-apis-18.json,reference/paritalgeneral-apis-18.json,found,VerifyAccount,POST,/payment/verifyAccount,3.1.0,ParitalGeneral APIs,FALSE,FALSE,2026-08-05T06:27:18.713504+00:00,2025-04-29T06:52:47+00:00
Pre-Authorize Payment,capture_a_payment,capture_a_payment,https://docs.payu.in/reference/capture_a_payment,reference/Pre-Authorize Payment/capture_a_payment.md,emi-apis-6.json,reference/emi-apis-6.json,found,CapturePreAuth,POST,/merchant/postservice.php,3.1.0,EMI APIs,FALSE,FALSE,2026-08-05T06:27:18.749516+00:00,2026-05-13T05:47:26+00:00
Pre-Authorize Payment,pre_authorize_payment,pre_authorize_payment,https://docs.payu.in/reference/pre_authorize_payment,reference/Pre-Authorize Payment/pre-authorize-payments-for-cards/pre_authorize_payment.md,payment-api-9.json,reference/payment-api-9.json,found,PayUHostedCheckoutwithPre-AuthorizePayment,POST,/_payment,3.1.0,Payment API,FALSE,,2026-08-05T06:27:18.721507+00:00,2026-06-27T11:30:50+00:00
Pre-Authorize Payment,pre_authorize_payment_merchant_hosted,pre_authorize_payment_merchant_hosted,https://docs.payu.in/reference/pre_authorize_payment_merchant_hosted,reference/Pre-Authorize Payment/pre-authorize-payments-for-cards/pre_authorize_payment_merchant_hosted.md,payment-api-10.json,reference/payment-api-10.json,found,MerchantHostedPre-AuthorizePayment,POST,/_payment,3.1.0,Payment API,FALSE,,2026-08-05T06:27:18.721507+00:00,2026-06-27T11:30:23+00:00
split settlements,Get Aggregator/Parent Transaction Info API,get_aggregator_parent_transaction_info_api,https://docs.payu.in/reference/get_aggregator_parent_transaction_info_api,reference/split settlements/get-transaction-information-apis/get_aggregator_parent_transaction_info_api.md,get-aggregatorparent-transaction-info-2.json,reference/get-aggregatorparent-transaction-info-2.json,found,GetAggregator/ParentTransactionInfo,POST,/postservice,3.1.0,Get Aggregator/Parent Transaction Info,FALSE,FALSE,2026-08-05T06:27:18.753517+00:00,2025-04-29T06:52:42+00:00
split settlements,Get Child/Parent Split Transaction Info API,get_child_parent_split_transactions_info_api,https://docs.payu.in/reference/get_child_parent_split_transactions_info_api,reference/split settlements/get-transaction-information-apis/get_child_parent_split_transactions_info_api.md,get-aggregatorparent-transaction-info-4.json,reference/get-aggregatorparent-transaction-info-4.json,found,GetChildParentSplitTransactionInfo,POST,/postservice,3.1.0,Get Aggregator/Parent Transaction Info,FALSE,FALSE,2026-08-05T06:27:18.697499+00:00,2025-04-29T06:52:42+00:00
Subscriptions,Predebit Notification API,pre_debit_notification_api,https://docs.payu.in/reference/pre_debit_notification_api,reference/Subscriptions/pre_debit_notification_api.md,pre-debit-notification.json,reference/pre-debit-notification.json,found,predebit,POST,/postservice.php,3.1.0,Test_SI_Collection,FALSE,,2026-08-05T06:27:18.737512+00:00,2026-04-23T07:27:15+00:00
Subscriptions,Recurring Payment Transaction API,recurring_payment_api,https://docs.payu.in/reference/recurring_payment_api,reference/Subscriptions/recurring_payment_api.md,test_si_collection-6.json,reference/test_si_collection-6.json,found,RecurringPaymentAPI,POST,/postservice.php,3.1.0,Test_SI_Collection,FALSE,,2026-08-05T06:27:18.753517+00:00,2026-06-05T13:22:27+00:00
Subscriptions,subscriptions-pdn-rp,subscriptions-pdn-rp,https://docs.payu.in/reference/subscriptions-pdn-rp,reference/Subscriptions/subscriptions-pdn-rp.md,pdn-rp-api.yaml,reference/pdn-rp-api.yaml,found,post_merchant-postservice-php-form-2,POST,/merchant/postservice.php?form=2,3.0.0,Pre-debit and Recurring Payments Transaction API,FALSE,,2026-08-05T06:27:18.737512+00:00,2026-07-03T13:29:15+00:00
Subscriptions,Validate VPA or UPI Handle API,validate_vpa_api,https://docs.payu.in/reference/validate_vpa_api,reference/Subscriptions/api-commands-to-manage-upi-recurring-transaction/validate_vpa_api.md,paritalgeneral-apis-15.json,reference/paritalgeneral-apis-15.json,found,validateVPA,POST,/postservice.php,3.1.0,ParitalGeneral APIs,FALSE,FALSE,2026-08-05T06:27:18.713504+00:00,2026-05-20T12:36:59+00:00
Tokenization,Delete a Saved Card API,delete_saved_card_api,https://docs.payu.in/reference/delete_saved_card_api,reference/Tokenization/model-3-simple-rest-apis/delete_saved_card_api.md,storecard-2.json,reference/storecard-2.json,found,delete_payment_instrument,POST,/postservice.php,3.1.0,StoreCard,FALSE,FALSE,2026-08-05T06:27:18.753517+00:00,2025-11-06T05:26:41+00:00
Tokenization,Edit a Saved Card API,edit_saved_card_api,https://docs.payu.in/reference/edit_saved_card_api,reference/Tokenization/model-3-simple-rest-apis/edit_saved_card_api.md,storecard-6.json,reference/storecard-6.json,found,edit_payment_instrument,POST,/postservice.php,3.1.0,StoreCard,FALSE,FALSE,2026-08-05T06:27:18.753517+00:00,2025-11-06T05:25:08+00:00
Tokenization,Get Payment Details (Cryptogram),get_payment_details_cryptogram,https://docs.payu.in/reference/get_payment_details_cryptogram,reference/Tokenization/model-3-simple-rest-apis/get_payment_details_cryptogram.md,storecard-8.json,reference/storecard-8.json,found,get_payment_details,POST,/postservice.php,3.1.0,StoreCard,FALSE,FALSE,2026-08-05T06:27:18.753517+00:00,2025-11-10T06:34:40+00:00
Tokenization,Get User Cards API,get_user_cards_api,https://docs.payu.in/reference/get_user_cards_api,reference/Tokenization/model-2-zero-code-change-for-vault-integration/get_user_cards_api.md,storecard-7.json,reference/storecard-7.json,found,GetUserCards,POST,/postservice.php,3.1.0,StoreCard,FALSE,,2026-08-05T06:27:18.753517+00:00,2026-06-27T15:30:54+00:00
Tokenization,Get User Cards API - Model 3,get_user_cards_api_model3,https://docs.payu.in/reference/get_user_cards_api_model3,reference/Tokenization/model-3-simple-rest-apis/get_user_cards_api_model3.md,storecard-10.json,reference/storecard-10.json,found,GetUserCards,POST,/postservice.php,3.1.0,StoreCard,FALSE,,2026-08-05T06:27:18.753517+00:00,2026-06-28T09:04:05+00:00
Collect Payment, [OLD]Cards Direct Authorization Flow,old_payment_s2s_direct_authorization_flow,https://docs.payu.in/reference/old_payment_s2s_direct_authorization_flow,reference/Collect Payment/_payment_server_to_server/old_payment_s2s_direct_authorization_flow.md,payu-api-29.json,reference/payu-api-29.json,found,S2SDirectAuthorizationFlow,POST,/_payment,3.1.0,PayU API,TRUE,FALSE,2026-08-05T06:27:18.733511+00:00,2025-04-29T06:52:21+00:00
Collect Payment,[OLD]Cards Classic Integration,old_payment_s2s_classic_integration,https://docs.payu.in/reference/old_payment_s2s_classic_integration,reference/Collect Payment/_payment_server_to_server/old_payment_s2s_classic_integration.md,merchant-hosted-34.json,reference/merchant-hosted-34.json,found,S2S-ClassicIntegration,POST,/_payment,3.1.0,Merchant Hosted,TRUE,FALSE,2026-08-05T06:27:18.709503+00:00,2025-11-10T05:46:38+00:00
Collect Payment,[OLD]Cards Decoupled Flow,old_payment_s2s_decoupled_flow,https://docs.payu.in/reference/old_payment_s2s_decoupled_flow,reference/Collect Payment/_payment_server_to_server/old_payment_s2s_decoupled_flow.md,s2s.json,reference/s2s.json,found,S2S-DecoupledFlow,POST,/_payment,3.1.0,S2S,TRUE,FALSE,2026-08-05T06:27:18.741513+00:00,2025-09-26T13:14:09+00:00
Cross-border Payments,old_payment_cross-border_merchant_hosted_upi,old_payment_cross-border_merchant_hosted_upi,https://docs.payu.in/reference/old_payment_cross-border_merchant_hosted_upi,reference/Cross-border Payments/merchant-hosted-integration-cb/old_payment_cross-border_merchant_hosted_upi.md,cb_s2s_upi.json,reference/cb_s2s_upi.json,found,MerchantHostedCheckout-UPI,POST,/_payment,3.1.0,Merchant Hosted,TRUE,,2026-08-05T06:27:18.749516+00:00,2026-07-15T07:45:20+00:00
Cross-border Payments,UDF Update API,old_udf_update_api,https://docs.payu.in/reference/old_udf_update_api,reference/Cross-border Payments/old_udf_update_api.md,opgsp-invoice-2.json,reference/opgsp-invoice-2.json,found,udf_update-OPGSP,POST,/postservice,3.1.0,OPGSP Invoice,TRUE,FALSE,2026-08-05T06:27:18.709503+00:00,2025-04-29T06:52:40+00:00
Cross-border Payments,UDF Update API,old_udf_update_api-1,https://docs.payu.in/reference/old_udf_update_api-1,reference/Cross-border Payments/old_udf_update_api-1.md,opgsp-invoice-4.json,reference/opgsp-invoice-4.json,found,udf_update-OPGSP,POST,/postservice,3.1.0,OPGSP Invoice,TRUE,FALSE,2026-08-05T06:27:18.709503+00:00,2025-10-27T06:22:39+00:00
General,Check BNPL Eligibility,get_checkout_details_bnpl_eliglibility,https://docs.payu.in/reference/get_checkout_details_bnpl_eliglibility,reference/General/get_checkout_details/get_checkout_details_bnpl_eliglibility.md,others-6.json,reference/others-6.json,found,get-checkout_details,POST,/postservice.php,3.1.0,Others,TRUE,FALSE,2026-08-05T06:27:18.713504+00:00,2025-04-29T06:52:29+00:00
General APIs,merchantpostserviceform2checkout,merchantpostserviceform2checkout,https://docs.payu.in/reference/merchantpostserviceform2checkout,reference/General APIs/merchanthostedpostservice/merchantpostserviceform2checkout.md,merchant-hosted-checkout-postservice.openapi.yaml,reference/merchant-hosted-checkout-postservice.openapi.yaml,found,merchantPostserviceForm2Checkout,POST,/merchant/postservice,3.1.0,Merchant Hosted Checkout — merchant/postservice and postservice.php,TRUE,,2026-08-05T06:27:18.709503+00:00,2026-06-15T04:36:49+00:00
General APIs,merchantpostservicephpcheckout,merchantpostservicephpcheckout,https://docs.payu.in/reference/merchantpostservicephpcheckout,reference/General APIs/merchanthostedpostservice/merchantpostservicephpcheckout.md,merchant-hosted-checkout-postservice.openapi.yaml,reference/merchant-hosted-checkout-postservice.openapi.yaml,found,merchantPostservicePhpCheckout,POST,/merchant/postservice.php,3.1.0,Merchant Hosted Checkout — merchant/postservice and postservice.php,TRUE,,2026-08-05T06:27:18.709503+00:00,2026-06-15T04:36:49+00:00
ParTner integration,[Hidden]Penny Verify API,hidden_penny_verify_api,https://docs.payu.in/reference/hidden_penny_verify_api,reference/ParTner integration/onboarding-and-kyc-apis/bank-details-api/hidden_penny_verify_api.md,partner-apis-6.json,reference/partner-apis-6.json,found,penny_verify,POST,/api/v1/merchants/{merchant_uuid}/verify_penny,3.1.0,Partner Apis,TRUE,FALSE,2026-08-05T06:27:18.717505+00:00,2026-04-21T10:42:44+00:00
ParTner integration,[OLD]Add or Update Bank Details API,old_add_update_bank_details_api,https://docs.payu.in/reference/old_add_update_bank_details_api,reference/ParTner integration/onboarding-and-kyc-apis/bank-details-api/old_add_update_bank_details_api.md,partner-integration-updated-2.json,reference/partner-integration-updated-2.json,found,AddorUpdateBankDetails,POST,/api/v1/merchants/{merchant_uuid}/add_bank_detail,3.1.0,Partner Integration - Updated,TRUE,FALSE,2026-08-05T06:27:18.717505+00:00,2025-04-29T06:52:37+00:00
ParTner integration,createpaymentlinkapi,createpaymentlinkapi,https://docs.payu.in/reference/createpaymentlinkapi,reference/ParTner integration/manage-invoices-or-payment-links/createpaymentlinkapi.md,Create payment links.json,reference/Create payment links.json,found,post_partners-payment-links,POST,/partners/payment-links,3.0.0,PayU Payment Links API,TRUE,,2026-08-05T06:27:18.761520+00:00,2026-04-21T10:41:45+00:00
ParTner integration,Get Merchant Credentials API,get_merchant_credentials_api,https://docs.payu.in/reference/get_merchant_credentials_api,reference/ParTner integration/oauth-api/get_merchant_credentials_api.md,partner-apis-27.json,reference/partner-apis-27.json,found,Getmerchantcredentials,GET,/api/v1/merchants/{mid}/credential,3.1.0,Partner Apis,TRUE,FALSE,2026-08-05T06:27:18.713504+00:00,2025-04-29T06:52:38+00:00
ParTner integration,Get Token API - Partner Integration,get_token_api,https://docs.payu.in/reference/get_token_api,reference/ParTner integration/partner-integration-user-token-apis/get_token_api.md,partner-apis-16.json,reference/partner-apis-16.json,found,get_token,POST,/oauth/token,3.1.0,Partner Apis,TRUE,FALSE,2026-08-05T06:27:18.713504+00:00,2025-10-14T13:22:38+00:00
ParTner integration,get_single_payment_link_api,get_single_payment_link_api,https://docs.payu.in/reference/get_single_payment_link_api,reference/ParTner integration/manage-invoices-or-payment-links/get_single_payment_link_api.md,partner-apis-6.json,reference/partner-apis-6.json,found,ReadInvoiceAPI,GET,/{invoice_number},3.1.0,Partner Apis,TRUE,FALSE,2026-08-05T06:27:18.717505+00:00,2026-04-21T10:42:44+00:00
ParTner integration,Post CKYC API,post_ckyc_api,https://docs.payu.in/reference/post_ckyc_api,reference/ParTner integration/onboarding-and-kyc-apis/manage-kyc-documents/post_ckyc_api.md,partner-integration-updated-2.json,reference/partner-integration-updated-2.json,found,PostCKYCAPI,POST,/api/v3/merchants/kyc_document/ckyc_data,3.1.0,Partner Integration - Updated,TRUE,FALSE,2026-08-05T06:27:18.717505+00:00,2025-04-29T06:52:37+00:00
ParTner integration,Refresh Token API,refresh_token_api,https://docs.payu.in/reference/refresh_token_api,reference/ParTner integration/partner-integration-user-token-apis/refresh_token_api.md,partner-apis-16.json,reference/partner-apis-16.json,found,refresh_token,POST,/oauth/token/,3.1.0,Partner Apis,TRUE,FALSE,2026-08-05T06:27:18.713504+00:00,2025-10-14T13:22:38+00:00
ParTner integration,Send OTP API,send_otp_api,https://docs.payu.in/reference/send_otp_api,reference/ParTner integration/partner-integration-user-token-apis/send_otp_api.md,send-otp-1.json,reference/send-otp-1.json,found,send_otp,POST,/send_otp,3.1.0,Send OTP,TRUE,FALSE,2026-08-05T06:27:18.741513+00:00,2025-04-29T06:52:36+00:00
ParTner integration,update_invoice_api,update_invoice_api,https://docs.payu.in/reference/update_invoice_api,reference/ParTner integration/manage-invoices-or-payment-links/update_invoice_api.md,partner-apis-6.json,reference/partner-apis-6.json,found,update_invoice,PUT,/payment-links/{invoice_number},3.1.0,Partner Apis,TRUE,FALSE,2026-08-05T06:27:18.717505+00:00,2026-04-21T10:42:44+00:00
ParTner integration,Validate Auth Code and Client,validate_authcode_and_client_api,https://docs.payu.in/reference/validate_authcode_and_client_api,reference/ParTner integration/oauth-api/validate_authcode_and_client_api.md,validate-auth-code-4.json,reference/validate-auth-code-4.json,found,ValidateAuthCodeandClient,POST,/token,3.1.0,Validate Auth Code,TRUE,FALSE,2026-08-05T06:27:18.757519+00:00,2025-04-29T06:52:38+00:00
ParTner integration,Verify and Link Merchant API,verify_and_link_merchant_api,https://docs.payu.in/reference/verify_and_link_merchant_api,reference/ParTner integration/onboarding-and-kyc-apis/verify_and_link_merchant_api.md,partner-apis-6.json,reference/partner-apis-6.json,found,VerifyandLinkmerchant,POST,/api/v1/merchants/{mid}/verify,3.1.0,Partner Apis,TRUE,FALSE,2026-08-05T06:27:18.717505+00:00,2026-04-21T10:42:44+00:00
ParTner integration,Verify OTP API,verify_otp_api,https://docs.payu.in/reference/verify_otp_api,reference/ParTner integration/partner-integration-user-token-apis/verify_otp_api.md,partner-apis-21.json,reference/partner-apis-21.json,found,VerifyOTPAPI,POST,/api/v1/otps/verify_otp,3.1.0,Partner Apis,TRUE,FALSE,2026-08-05T06:27:18.713504+00:00,2025-04-29T06:52:36+00:00
payment links,[OLD]Create Payment Link API,old1-create-payment-links,https://docs.payu.in/reference/old1-create-payment-links,reference/payment links/manage-payment-links/old1-create-payment-links.md,payment-link-29.json,reference/payment-link-29.json,found,CreatePaymentLinkAPI,POST,/payment-links,3.1.0,Payment Link,TRUE,FALSE,2026-08-05T06:27:18.721507+00:00,2025-04-29T06:52:30+00:00
payment links,Create Payment Link API,create-payment-links-old4,https://docs.payu.in/reference/create-payment-links-old4,reference/payment links/manage-payment-links/create-payment-links-old4.md,payment-link-28.json,reference/payment-link-28.json,found,CreatePaymentLinkAPI,POST,/payment-links,3.1.0,Payment Link,TRUE,FALSE,2026-08-05T06:27:18.721507+00:00,2025-04-29T06:52:31+00:00
payment links,CreatePaymentLinkAPI,createpaymentlinkapi-1,https://docs.payu.in/reference/createpaymentlinkapi-1,reference/payment links/manage-payment-links/createpaymentlinkapi-1.md,payment-link-34.json,reference/payment-link-34.json,found,CreatePaymentLinkAPI,POST,/payment-links,3.1.0,Payment Link,TRUE,FALSE,2026-08-05T06:27:18.721507+00:00,2025-04-29T06:52:31+00:00
payouts,[OLD]Initiate Transfer API,old-initiate-transfer-api,https://docs.payu.in/reference/old-initiate-transfer-api,reference/payouts/payouts-initiation-and-tracking/old-initiate-transfer-api.md,payouts-api-16.json,reference/payouts-api-16.json,found,InitiateTransferAPI,POST,/v2/payment,3.1.0,Payouts API,TRUE,FALSE,2026-08-05T06:27:18.725508+00:00,2025-04-29T06:52:46+00:00
payouts,Activate Payout Partner Merchant API,payout-activate-partner-merchant,https://docs.payu.in/reference/payout-activate-partner-merchant,reference/payouts/payouts-partner-onboarding/payout-activate-partner-merchant.md,payoutspartner-5.json,reference/payoutspartner-5.json,found,activatePartnerMerchant,POST,/merchant/create,3.1.0,PayoutsPartner,TRUE,FALSE,2026-08-05T06:27:18.733511+00:00,2025-04-29T06:52:50+00:00
payouts,Get Name Match Score Threshold API,releasepending-get-name-matchscore-threshold-api,https://docs.payu.in/reference/releasepending-get-name-matchscore-threshold-api,reference/payouts/releasepending-pay-to-phone-configuration-apis/releasepending-get-name-matchscore-threshold-api.md,payouts-api-3.json,reference/payouts-api-3.json,found,SetNameMatchScoreThresholdAPI-Copy,GET,/merchant/nameMatchScoreConfig,3.0.0,Payouts API,TRUE,FALSE,2026-08-05T06:27:18.725508+00:00,2025-04-29T06:52:50+00:00
payouts,Get Whitelisted Partner Merchant IPs API,get-white-listed-merchant-ips,https://docs.payu.in/reference/get-white-listed-merchant-ips,reference/payouts/payouts-partner-onboarding/get-white-listed-merchant-ips.md,payoutspartner-5.json,reference/payoutspartner-5.json,found,getWhiteListedIp,GET,/getWhiteListedIp,3.1.0,PayoutsPartner,TRUE,FALSE,2026-08-05T06:27:18.733511+00:00,2025-04-29T06:52:50+00:00
payouts,Set Name Match Score Threshold API,releasepending-set-name-matchscore-threshold-api,https://docs.payu.in/reference/releasepending-set-name-matchscore-threshold-api,reference/payouts/releasepending-pay-to-phone-configuration-apis/releasepending-set-name-matchscore-threshold-api.md,payouts-api-2.json,reference/payouts-api-2.json,found,SetNameMatchScoreThresholdAPI,PUT,/merchant/nameMatchScoreConfig,3.1.0,Payouts API,TRUE,FALSE,2026-08-05T06:27:18.725508+00:00,2025-04-29T06:52:49+00:00
payouts,Update Active Merchant Status API,payout-update-active-merchant-status,https://docs.payu.in/reference/payout-update-active-merchant-status,reference/payouts/payouts-partner-onboarding/payout-update-active-merchant-status.md,payoutspartner-5.json,reference/payoutspartner-5.json,found,updateActiveMerchantStatus,POST,/merchant/updateActiveMerchantStatus,3.1.0,PayoutsPartner,TRUE,FALSE,2026-08-05T06:27:18.733511+00:00,2025-04-29T06:52:50+00:00
payouts,Update Payouts Partner Merchant API,update-payout-merchant,https://docs.payu.in/reference/update-payout-merchant,reference/payouts/payouts-partner-onboarding/update-payout-merchant.md,payoutspartner-5.json,reference/payoutspartner-5.json,found,updateMerchant,PUT,/merchant/update,3.1.0,PayoutsPartner,TRUE,FALSE,2026-08-05T06:27:18.733511+00:00,2025-04-29T06:52:50+00:00
payouts,Whitelist Partner Merchant IP API,payouts-whitelist-ip,https://docs.payu.in/reference/payouts-whitelist-ip,reference/payouts/payouts-partner-onboarding/payouts-whitelist-ip.md,payoutspartner-5.json,reference/payoutspartner-5.json,found,whitelistIp,POST,/whitelistIp,3.1.0,PayoutsPartner,TRUE,FALSE,2026-08-05T06:27:18.733511+00:00,2025-04-29T06:52:50+00:00
PayU Merchant Hosted — _payment,merchanthostedpayment-1,merchanthostedpayment-1,https://docs.payu.in/reference/merchanthostedpayment-1,reference/PayU Merchant Hosted — _payment/payment/merchanthostedpayment-1.md,Merchant Hosted Checkout.postman_collection_9th_June.json,reference/Merchant Hosted Checkout.postman_collection_9th_June.json,found,merchantHostedPayment,POST,/_payment,3.1.0,PayU Merchant Hosted — _payment,TRUE,,2026-08-05T06:27:18.725508+00:00,2026-06-09T15:27:46+00:00
split settlements,Subvention Refund for Aggregators API,subvention_refund_aggregator_api_old,https://docs.payu.in/reference/subvention_refund_aggregator_api_old,reference/split settlements/refund-apis-split-settlements/subvention_refund_aggregator_api_old.md,payu-biz-aggregator-3.json,reference/payu-biz-aggregator-3.json,found,subventionrefundaggregator,POST,/postservice.php,3.1.0,payu biz Aggregator,TRUE,FALSE,2026-08-05T06:27:18.733511+00:00,2025-04-29T06:52:43+00:00
Subscriptions,[Bckup]Validate VPA Handle API,validate_vpa_api-old,https://docs.payu.in/reference/validate_vpa_api-old,reference/Subscriptions/api-commands-to-manage-upi-recurring-transaction/validate_vpa_api-old.md,paritalgeneral-apis-5.json,reference/paritalgeneral-apis-5.json,found,validateVPA,POST,/postservice.php,3.1.0,ParitalGeneral APIs,TRUE,FALSE,2026-08-05T06:27:18.713504+00:00,2025-09-22T07:58:31+00:00
Subscriptions,Consent Transaction with Saved Cards,consenttransactionwithsavedcards,https://docs.payu.in/reference/consenttransactionwithsavedcards,reference/Subscriptions/consenttransactionwithsavedcards.md,payu-api-31.json,reference/payu-api-31.json,found,ConsentTransactionwithSavedCards,POST,/_payment,3.1.0,PayU API,TRUE,FALSE,2026-08-05T06:27:18.733511+00:00,2025-04-29T06:52:33+00:00
Subscriptions,validate-vpa,validate-vpa,https://docs.payu.in/reference/validate-vpa,reference/Subscriptions/manage-recurring-payments/validate-vpa.md,validate-vpa-api.yaml,reference/validate-vpa-api.yaml,found,validateVPA,POST,/postservice.php,3.0.3,PayU Validate VPA API,TRUE,,2026-08-05T06:27:18.757519+00:00,2026-05-20T12:35:43+00:00
